{"cameraMode":{"drawMode":0,"name":"Shaded","section":"Shading Mode"},"sceneLighting":false,"audioPlay":false,"sceneViewState":{"showFog":true,"showMaterialUpdate":false,"showSkybox":false,"showFlares":true,"showImageEffects":false,"showParticleSystems":true},"in2DMode":false,"pivot":{"x":6.37246036529541,"y":-0.31284141540527346,"z":47.76518249511719},"rotation":{"x":-0.021552521735429765,"y":0.8143069744110107,"z":-0.5792642831802368,"w":-0.030310343950986863},"size":13.8007230758667,"orthographic":false}