{"cameraMode":{"drawMode":0,"name":"Shaded","section":"Shading Mode"},"sceneLighting":false,"audioPlay":false,"sceneViewState":{"showFog":true,"showMaterialUpdate":false,"showSkybox":false,"showFlares":true,"showImageEffects":false,"showParticleSystems":true},"in2DMode":false,"pivot":{"x":2.55332350730896,"y":0.9279923439025879,"z":-0.9435138702392578},"rotation":{"x":0.234334334731102,"y":0.3849470615386963,"z":-0.10169494152069092,"w":0.8868999481201172},"size":2.6980502605438234,"orthographic":false}