{"cameraMode":{"drawMode":0,"name":"Shaded","section":"Shading Mode"},"sceneLighting":false,"audioPlay":false,"sceneViewState":{"showFog":true,"showMaterialUpdate":false,"showSkybox":false,"showFlares":true,"showImageEffects":false,"showParticleSystems":true},"in2DMode":false,"pivot":{"x":2.8606011867523195,"y":-22.505939483642579,"z":25.00408935546875},"rotation":{"x":0.010590835474431515,"y":0.9559507966041565,"z":-0.291325181722641,"w":0.034713014960289},"size":83.5414047241211,"orthographic":false}