{"cameraMode":{"drawMode":0,"name":"Shaded","section":"Shading Mode"},"sceneLighting":false,"audioPlay":false,"sceneViewState":{"showFog":true,"showMaterialUpdate":false,"showSkybox":false,"showFlares":true,"showImageEffects":false,"showParticleSystems":true},"in2DMode":false,"pivot":{"x":-1.5989582538604737,"y":-0.1445726752281189,"z":0.6170345544815064},"rotation":{"x":-0.06349040567874909,"y":0.8534773588180542,"z":-0.10707824677228928,"w":-0.5060465931892395},"size":3.7416584491729738,"orthographic":false}