{"cameraMode":{"drawMode":0,"name":"Shaded","section":"Shading Mode"},"sceneLighting":true,"audioPlay":false,"sceneViewState":{"showFog":true,"showMaterialUpdate":false,"showSkybox":true,"showFlares":true,"showImageEffects":false,"showParticleSystems":true},"in2DMode":false,"pivot":{"x":6.754710674285889,"y":1.0838537216186524,"z":42.477237701416019},"rotation":{"x":-0.3102549612522125,"y":0.6712099313735962,"z":-0.3704468607902527,"w":-0.5621454119682312},"size":12.325883865356446,"orthographic":false}