{"cameraMode":{"drawMode":0,"name":"Shaded","section":"Shading Mode"},"sceneLighting":true,"audioPlay":false,"sceneViewState":{"showFog":true,"showMaterialUpdate":false,"showSkybox":true,"showFlares":true,"showImageEffects":false,"showParticleSystems":true},"in2DMode":false,"pivot":{"x":13.611886024475098,"y":2.0827066898345949,"z":44.862342834472659},"rotation":{"x":0.234334334731102,"y":0.3849470615386963,"z":-0.10169494152069092,"w":0.8868999481201172},"size":1.853839635848999,"orthographic":false}