{"cameraMode":{"drawMode":0,"name":"Shaded","section":"Shading Mode"},"sceneLighting":false,"audioPlay":false,"sceneViewState":{"showFog":true,"showMaterialUpdate":false,"showSkybox":false,"showFlares":true,"showImageEffects":false,"showParticleSystems":true},"in2DMode":false,"pivot":{"x":16.780000686645509,"y":-1.3332757949829102,"z":42.78742599487305},"rotation":{"x":0.2772701680660248,"y":0.7200444340705872,"z":-0.41160717606544497,"w":0.48503410816192629},"size":7.877910137176514,"orthographic":false}