{"cameraMode":{"drawMode":0,"name":"Shaded","section":"Shading Mode"},"sceneLighting":false,"audioPlay":false,"sceneViewState":{"showFog":true,"showMaterialUpdate":false,"showSkybox":false,"showFlares":true,"showImageEffects":false,"showParticleSystems":true},"in2DMode":false,"pivot":{"x":8.265000343322754,"y":2.0799999237060549,"z":47.41508865356445},"rotation":{"x":-0.013158652931451798,"y":0.8049970269203186,"z":-0.5928848385810852,"w":-0.01787749119102955},"size":8.425538063049317,"orthographic":false}